Model,BLEURT,BLEU,STA,FLU,SEM,J
DELETE,-0.2274295948445797,0.5291006187073797,0.6596814752724225,0.47865131,0.911821183794602,0.6477872136041316
BART,0.4665639652727735,0.7015951162845684,0.917854149203688,0.7180245518684387,0.9451393327189412,0.8400934598558649
T5-UD,0.2061191014508339,0.6061501854886157,0.9027661357921208,0.7076675891876221,0.9259227668149872,0.8090545626150932
T5-BD,0.2170479567338964,0.6116824971129832,0.9128248113998324,0.7119913101196289,0.9268271227094772,0.8152301105483508
T5-UD-DA,0.2042057692586176,0.5932177729575621,0.9161777032690696,0.7146622538566589,0.9255471736667342,0.8131565214038189
T5-UD-DA-NoTOX,0.2082522000402387,0.5986247898529592,0.892707460184409,0.7136983871459961,0.9255548758558736,0.8046585946447294
T5-UD-DA-NoSEM,0.2118113513002351,0.5915994156548945,0.917854149203688,0.7196706533432007,0.9249715857513792,0.8143899906313703
T5-UD-DA-NoFLU,0.19228106072330214,0.5950253774910172,0.90360435875943,0.7099922299385071,0.9253113477148135,0.8075075345326396
